date,value
4/1/2016,113
4/2/2016,226
4/3/2016,279
4/4/2016,135
4/5/2016,116
4/6/2016,191
4/7/2016,228
4/8/2016,278
4/9/2016,156
4/10/2016,235
4/11/2016,282
4/12/2016,245
4/13/2016,236
4/14/2016,237
4/15/2016,241
4/16/2016,245
4/17/2016,199
4/18/2016,190
4/19/2016,209
4/20/2016,209
4/21/2016,262
4/22/2016,153
4/23/2016,183
4/24/2016,175
4/25/2016,186
4/26/2016,159
4/27/2016,149
4/28/2016,124
4/29/2016,124
4/30/2016,117
5/1/2016,88
5/2/2016,108
5/3/2016,171
5/4/2016,233
5/5/2016,298
5/6/2016,268
5/7/2016,326
5/8/2016,231
5/9/2016,272
5/10/2016,353
5/11/2016,222
5/12/2016,208
5/13/2016,111
5/14/2016,388
5/15/2016,249
5/16/2016,265
5/17/2016,244
5/18/2016,128.75
5/19/2016,131
5/20/2016,156
5/21/2016,230
5/22/2016,165
5/23/2016,280
5/24/2016,337
5/25/2016,477
5/26/2016,446
5/27/2016,405
5/28/2016,307
5/29/2016,309
5/30/2016,458.6
5/31/2016,584
6/1/2016,517.58
6/2/2016,483
6/3/2016,543
6/4/2016,596
6/5/2016,768
6/6/2016,884
6/7/2016,865
6/8/2016,766
6/9/2016,815
6/10/2016,616
6/11/2016,715
6/12/2016,787
6/13/2016,715
6/14/2016,979
6/15/2016,613
6/16/2016,523
6/17/2016,668
6/18/2016,964
6/19/2016,1074
6/20/2016,1021
6/21/2016,992
6/22/2016,679
6/23/2016,1112
6/24/2016,905
6/25/2016,1598
6/26/2016,887
6/27/2016,837
6/28/2016,834.08
6/29/2016,1044
6/30/2016,912
7/1/2016,1273
7/2/2016,1360
7/3/2016,1842
7/4/2016,1755
7/5/2016,1050
7/6/2016,1029
7/7/2016,1928
7/8/2016,1190
7/9/2016,1058
7/10/2016,1073
7/11/2016,843
7/12/2016,1125.17
7/13/2016,1185
7/14/2016,1475.5
7/15/2016,1729.17
7/16/2016,2152.17
7/17/2016,2152.17
7/18/2016,1810
7/19/2016,1406.25
7/20/2016,1221
7/21/2016,1812.67
7/22/2016,1833.33
7/23/2016,1441.75
7/24/2016,1298.5
7/25/2016,1366.08
7/26/2016,1215.17
7/27/2016,1135.42
7/28/2016,1232.33
7/29/2016,910.33
7/30/2016,1065.08
7/31/2016,1065.08
8/1/2016,1219.5
8/2/2016,957.17
8/3/2016,909.83
8/4/2016,1277.42
8/5/2016,1634
8/6/2016,1388.33
8/7/2016,1272.25
8/8/2016,1668.5
8/9/2016,1668.5
8/10/2016,1717.75
8/11/2016,2305.67
8/12/2016,2502.08
8/13/2016,2119.5
8/14/2016,1725.33
8/15/2016,1533.25
8/16/2016,1633.42
8/17/2016,1343.08
8/18/2016,1218.25
8/19/2016,1259.67
8/20/2016,1352.08
8/21/2016,1588.42
8/22/2016,1519.92
8/23/2016,1409.83
8/24/2016,1235
8/25/2016,1133
8/26/2016,1073.5
8/27/2016,1026.58
8/28/2016,1018
8/29/2016,1035.25
8/30/2016,933.08
8/31/2016,914.67
9/1/2016,954.83
9/2/2016,1403.92
9/3/2016,2226.25
9/4/2016,1879
9/5/2016,2072.67
9/6/2016,1764.92
9/7/2016,1788.58
9/8/2016,1784.92
9/9/2016,1466.75
9/10/2016,1441.33
9/11/2016,2056.33
9/12/2016,1531.5
9/13/2016,1281
9/14/2016,1281
9/15/2016,1084.67
9/16/2016,1228.92
9/17/2016,1704.25
9/18/2016,1704.25
9/19/2016,1468
9/20/2016,1168
9/21/2016,1589.33
9/22/2016,1487.25
9/23/2016,1385.83
9/24/2016,1209.33
9/25/2016,1088.08
9/26/2016,1020.08
9/27/2016,968.83
9/28/2016,1159.08
9/29/2016,1176
9/30/2016,926.33
10/1/2016,1203.42
10/2/2016,1183.25
10/3/2016,1216.67
10/4/2016,1110.92
10/5/2016,949.33
10/6/2016,903.25
10/7/2016,1130.17
10/8/2016,934.42
10/9/2016,962
10/10/2016,1177.42
10/11/2016,1134.5
10/12/2016,1170.25
10/13/2016,1102.5
10/14/2016,955.17
10/15/2016,851.08
10/16/2016,851.08
10/17/2016,1010.17
10/18/2016,638.83
10/19/2016,580.17
10/20/2016,650.83
10/21/2016,426.58
10/22/2016,464.25
10/23/2016,367.17
10/24/2016,577.08
10/25/2016,918.58
10/26/2016,895.5
10/27/2016,661.83
10/28/2016,824.25
10/29/2016,689.58
10/30/2016,852.17
10/31/2016,1033.25
11/1/2016,1169.33
11/2/2016,1096.67
11/3/2016,1010.83
11/4/2016,879.75
11/5/2016,942.17
11/6/2016,902.83
11/7/2016,641.17
11/8/2016,747
11/9/2016,1878.58
11/10/2016,1784.83
11/11/2016,1260.17
11/12/2016,1110.5
11/13/2016,848.17
11/14/2016,1032.42
11/15/2016,1104.67
11/16/2016,993.25
11/17/2016,935.83
11/18/2016,764.08
11/19/2016,874.58
11/20/2016,848.17
11/21/2016,798.67
11/22/2016,900.67
11/23/2016,867.58
11/24/2016,715
11/25/2016,549.58
11/26/2016,755.42
11/27/2016,755.42
11/28/2016,876.08
11/29/2016,633.58
11/30/2016,628.08
12/1/2016,542.83
12/2/2016,733.92
12/3/2016,403.42
12/4/2016,559.83
12/5/2016,466
12/6/2016,689.75
12/7/2016,622.92
12/8/2016,589.17
12/9/2016,500.25
12/10/2016,512.17
12/11/2016,375.5
12/12/2016,294.67
12/13/2016,444.17
12/14/2016,580.42
12/15/2016,716.67
12/16/2016,521.83
12/17/2016,343.25
12/18/2016,343.25
12/19/2016,341.08
12/20/2016,469.33
12/21/2016,467
12/22/2016,525.33
12/23/2016,385.17
12/24/2016,381
12/25/2016,423.83
12/26/2016,541.25
12/27/2016,473.92
12/28/2016,491.67
12/29/2016,532.17
12/30/2016,389.33
12/31/2016,374.75
1/1/2017,333.25
1/2/2017,383.08
1/3/2017,334.75
1/4/2017,484.58
1/5/2017,361.67
1/6/2017,370.75
1/7/2017,449.67
1/8/2017,249.92
1/9/2017,249.92
1/10/2017,398
1/11/2017,369.33
1/12/2017,369.33
1/13/2017,325.17
1/14/2017,204.5
1/15/2017,358.83
1/16/2017,260.58
1/17/2017,225.25
1/18/2017,166.75
1/19/2017,191.42
1/20/2017,291.17
1/21/2017,392.17
1/22/2017,378.75
1/23/2017,222
1/24/2017,229.25
1/25/2017,285.42
1/26/2017,251.5
1/27/2017,439.42
1/28/2017,160.58
1/29/2017,237.92
1/30/2017,325
1/31/2017,247.42
2/1/2017,274.42
2/2/2017,260.25
2/3/2017,270
2/4/2017,307.75
2/5/2017,327
2/6/2017,235.08
2/7/2017,425.42
2/8/2017,581.5
2/9/2017,435.67
2/10/2017,414.75
2/11/2017,283.42
2/12/2017,283.42
2/13/2017,210.08
2/14/2017,110.92
2/15/2017,576.33
2/16/2017,82.67
2/17/2017,85.87
2/18/2017,86.5
2/19/2017,69.92
2/20/2017,71.11
2/21/2017,86.63
2/22/2017,83.54
2/23/2017,257.13
2/24/2017,320.42
2/25/2017,273.42
2/26/2017,363.42
2/27/2017,392.92
2/28/2017,242.17
3/1/2017,354.67
3/2/2017,234.25
3/3/2017,225.17
3/4/2017,244.42
3/5/2017,237.83
3/6/2017,287.25
3/7/2017,219.773
3/8/2017,223.17
3/9/2017,330.58
3/10/2017,234.42
3/11/2017,168.92
3/12/2017,136.75
3/13/2017,107.33
3/14/2017,168.42
3/15/2017,76.5
3/16/2017,107.42
3/17/2017,125.42
3/18/2017,157.25
3/19/2017,132.5
3/20/2017,103.08
3/21/2017,158.25
3/22/2017,289
3/23/2017,258.92
3/24/2017,212.17
3/25/2017,256
3/26/2017,446.92
3/27/2017,337.5
3/28/2017,378.83
3/29/2017,125.83
3/30/2017,103.5
3/31/2017,370.92
4/1/2017,457.5
4/2/2017,326.08
4/3/2017,135
4/4/2017,101
4/5/2017,134.92
4/6/2017,284.58
4/7/2017,257.47875
4/8/2017,257.47875
4/9/2017,257.47875
4/10/2017,257.47875
4/11/2017,257.47875
4/12/2017,257.47875
4/13/2017,257.47875
4/14/2017,257.47875
4/15/2017,257.47875
4/16/2017,257.47875
4/17/2017,257.47875
4/18/2017,392.92
4/19/2017,227.83
4/20/2017,257.47875
4/21/2017,257.47875
4/22/2017,257.47875
4/23/2017,257.47875
4/24/2017,257.47875
4/25/2017,257.47875
4/26/2017,257.47875
4/27/2017,257.47875
4/28/2017,257.47875
4/29/2017,257.47875
4/30/2017,257.47875
5/1/2017,317.6666667
5/2/2017,317.6666667
5/3/2017,317.6666667
5/4/2017,317.6666667
5/5/2017,317.6666667
5/6/2017,317.6666667
5/7/2017,317.6666667
5/8/2017,317.6666667
5/9/2017,317.6666667
5/10/2017,317.6666667
5/11/2017,317.6666667
5/12/2017,317.6666667
5/13/2017,317.6666667
5/14/2017,317.6666667
5/15/2017,317.6666667
5/16/2017,317.6666667
5/17/2017,317.6666667
5/18/2017,317.6666667
5/19/2017,317.6666667
5/20/2017,317.6666667
5/21/2017,317.6666667
5/22/2017,317.6666667
5/23/2017,317.6666667
5/24/2017,300.25
5/25/2017,328.75
5/26/2017,350
5/27/2017,360
5/28/2017,400
5/29/2017,317.6666667
5/30/2017,317.6666667
5/31/2017,167
6/1/2017,354
6/2/2017,283
6/3/2017,202
6/4/2017,176
6/5/2017,202
6/6/2017,278
6/7/2017,415
6/8/2017,304
6/9/2017,334
6/10/2017,282
6/11/2017,267
6/12/2017,417
6/13/2017,746
6/14/2017,509
6/15/2017,600.6896552
6/16/2017,494
6/17/2017,550
6/18/2017,459
6/19/2017,1275
6/20/2017,1038
6/21/2017,896
6/22/2017,704
6/23/2017,737
6/24/2017,552
6/25/2017,627
6/26/2017,1062
6/27/2017,995
6/28/2017,1146
6/29/2017,1102
6/30/2017,1014
7/1/2017,1252
7/2/2017,1293
7/3/2017,1750
7/4/2017,1735
7/5/2017,1825
7/6/2017,1691
7/7/2017,1789
7/8/2017,1860
7/9/2017,2575
7/10/2017,3237
7/11/2017,2397
7/12/2017,2368
7/13/2017,2411
7/14/2017,1926
7/15/2017,2444
7/16/2017,204.66
7/17/2017,1554
7/18/2017,1476
7/19/2017,1551
7/20/2017,1672
7/21/2017,2369
7/22/2017,2864
7/23/2017,3071
7/24/2017,2841
7/25/2017,2137
7/26/2017,1846
7/27/2017,1620
7/28/2017,1325
7/29/2017,1302
7/30/2017,1155
7/31/2017,1185
8/1/2017,1811
8/2/2017,4695
8/3/2017,2726
8/4/2017,2065
8/5/2017,2284
8/6/2017,2350
8/7/2017,2403
8/8/2017,2460
8/9/2017,2319
8/10/2017,2495
8/11/2017,3108
8/12/2017,3064
8/13/2017,2625
8/14/2017,2747
8/15/2017,2781
8/16/2017,3059
8/17/2017,3183
8/18/2017,2896
8/19/2017,2834
8/20/2017,2198
8/21/2017,1718
8/22/2017,1581
8/23/2017,2021
8/24/2017,2669
8/25/2017,2593
8/26/2017,2241
8/27/2017,2276
8/28/2017,1859
8/29/2017,1880
8/30/2017,1579
8/31/2017,2066
9/1/2017,2463
9/2/2017,1728
9/3/2017,2045
9/4/2017,1795
9/5/2017,1665
9/6/2017,2197
9/7/2017,2353
9/8/2017,2143
9/9/2017,2643
9/10/2017,2863
9/11/2017,3255
9/12/2017,3106
9/13/2017,2559
9/14/2017,2197
9/15/2017,1817
9/16/2017,2096
9/17/2017,1451
9/18/2017,1341
9/19/2017,1411
9/20/2017,1378
9/21/2017,1493
9/22/2017,1325
9/23/2017,1401
9/24/2017,1233
9/25/2017,1115
9/26/2017,1489
9/27/2017,1459
9/28/2017,1194
9/29/2017,1157
9/30/2017,1193
10/1/2017,1056
10/2/2017,1356
10/3/2017,1193
10/4/2017,1175
10/5/2017,892
10/6/2017,1105
10/7/2017,984
10/8/2017,984
10/9/2017,1034
10/10/2017,1034
10/11/2017,904
10/12/2017,1047
10/13/2017,930
10/14/2017,949
10/15/2017,988
10/16/2017,740
10/17/2017,723
10/18/2017,809
10/19/2017,795
10/20/2017,812
10/21/2017,764
10/22/2017,891
10/23/2017,1175
10/24/2017,1476
10/25/2017,1621
10/26/2017,1242
10/27/2017,1162
10/28/2017,1205
10/29/2017,1185
10/30/2017,1012
10/31/2017,1104
11/1/2017,826
11/2/2017,902
11/3/2017,828
11/4/2017,797
11/5/2017,843
11/6/2017,888
11/7/2017,902
11/8/2017,898
11/9/2017,849
11/10/2017,809
11/11/2017,741
11/12/2017,586
11/13/2017,501
11/14/2017,585
11/15/2017,512
11/16/2017,512
11/17/2017,433
11/18/2017,453
11/19/2017,417
11/20/2017,627
11/21/2017,500
11/22/2017,652
11/23/2017,921
11/24/2017,1522
11/25/2017,1455
11/26/2017,1091
11/27/2017,690
11/28/2017,650
11/29/2017,683
11/30/2017,715
12/1/2017,636
12/2/2017,577
12/3/2017,628
12/4/2017,766
12/5/2017,614
12/6/2017,296
12/7/2017,536
12/8/2017,605
12/9/2017,563
12/10/2017,479
12/11/2017,668
12/12/2017,579
12/13/2017,532
12/14/2017,351
12/15/2017,420
12/16/2017,475
12/17/2017,427
12/18/2017,558
12/19/2017,546
12/20/2017,503
12/21/2017,596
12/22/2017,603
12/23/2017,472
12/24/2017,579
12/25/2017,617
12/26/2017,579
12/27/2017,646
12/28/2017,686
12/29/2017,612
12/30/2017,479
12/31/2017,457
1/1/2018,227
1/2/2018,353
1/3/2018,408
1/4/2018,403
1/5/2018,390
1/6/2018,346
1/7/2018,272
1/8/2018,360
1/9/2018,426
1/10/2018,492
1/11/2018,494
1/12/2018,526
1/13/2018,455
1/14/2018,585
1/15/2018,337
1/16/2018,376
1/17/2018,495
1/18/2018,456
1/19/2018,464
1/20/2018,236
1/21/2018,325
1/22/2018,479
1/23/2018,308
1/24/2018,238
1/25/2018,251
1/26/2018,264
1/27/2018,225
1/28/2018,293
1/29/2018,382
1/30/2018,325
1/31/2018,384
2/1/2018,243
2/2/2018,275
2/3/2018,320
2/4/2018,377
2/5/2018,472
2/6/2018,336
2/7/2018,292
2/8/2018,202
2/9/2018,196
2/10/2018,296
2/11/2018,260
2/12/2018,142
2/13/2018,112
2/14/2018,113
2/15/2018,140
2/16/2018,311
2/17/2018,239
2/18/2018,128
2/19/2018,128
2/20/2018,106
2/21/2018,165
2/22/2018,184
2/23/2018,311
2/24/2018,357
2/25/2018,403
2/26/2018,420
2/27/2018,367
2/28/2018,556
3/1/2018,365
3/2/2018,339
3/3/2018,387
3/4/2018,354
3/5/2018,414
3/6/2018,317
3/7/2018,487
3/8/2018,536
3/9/2018,582
3/10/2018,146
3/11/2018,149
3/12/2018,124
3/13/2018,154
3/14/2018,106
3/15/2018,90
3/16/2018,84
3/17/2018,80
3/18/2018,83
3/19/2018,88
3/20/2018,71
3/21/2018,66
3/22/2018,93
3/23/2018,105
3/24/2018,137
3/25/2018,108
3/26/2018,192
3/27/2018,209
3/28/2018,210
3/29/2018,134
3/30/2018,130
3/31/2018,170
4/1/2018,156
4/2/2018,167
4/3/2018,483
4/4/2018,234
4/5/2018,182
4/6/2018,361
4/7/2018,421
4/8/2018,427
4/9/2018,312
4/10/2018,227
4/11/2018,238
4/12/2018,265
4/13/2018,151
4/14/2018,227
4/15/2018,339
4/16/2018,343
4/17/2018,227
4/18/2018,275
4/19/2018,134
4/20/2018,145
4/21/2018,144
4/22/2018,147
4/23/2018,245.0689655
4/24/2018,164
4/25/2018,118
4/26/2018,298
4/27/2018,167
4/28/2018,267
4/29/2018,304
4/30/2018,184
5/1/2018,227
5/2/2018,315
5/3/2018,271
5/4/2018,376
5/5/2018,236
5/6/2018,239
5/7/2018,234
5/8/2018,270
5/9/2018,292
5/10/2018,217
5/11/2018,234
5/12/2018,304
5/13/2018,173
5/14/2018,137
5/15/2018,153
5/16/2018,141
5/17/2018,337
5/18/2018,406
5/19/2018,406
5/20/2018,361
5/21/2018,310
5/22/2018,349
5/23/2018,366
5/24/2018,394
5/25/2018,320
5/26/2018,358
5/27/2018,677
5/28/2018,611
5/29/2018,787
5/30/2018,542
5/31/2018,520
6/1/2018,698
6/2/2018,828
6/3/2018,738
6/4/2018,937
6/5/2018,1214
6/6/2018,1021
6/7/2018,947
6/8/2018,1070
6/9/2018,944
6/10/2018,1201
6/11/2018,708
6/12/2018,1137
6/13/2018,1250
6/14/2018,1138
6/15/2018,1285
6/16/2018,1117
6/17/2018,1149
6/18/2018,856
6/19/2018,986
6/20/2018,1021
6/21/2018,1167
6/22/2018,1142
6/23/2018,1141
6/24/2018,2112
6/25/2018,6786
6/26/2018,4343.13
6/27/2018,3861.92
6/28/2018,3644.5
6/29/2018,2744.21
6/30/2018,2186.14
7/1/2018,2534.06
7/2/2018,2035
7/3/2018,1917.06
7/4/2018,1784.67
7/5/2018,1538.71
7/6/2018,1572.63
7/7/2018,1656.38
7/8/2018,1786.46
7/9/2018,1781.75
7/10/2018,1354
7/11/2018,1375.13
7/12/2018,1201.71
7/13/2018,1221
7/14/2018,1112
7/15/2018,1650
7/16/2018,1236
7/17/2018,1455.94
7/18/2018,1040
7/19/2018,1249
7/20/2018,1170
7/21/2018,1108
7/22/2018,1284
7/23/2018,1397
7/24/2018,1032
7/25/2018,906
7/26/2018,1455.94
7/27/2018,1455.94
7/28/2018,1455.94
7/29/2018,1455.94
7/30/2018,1455.94
7/31/2018,1455.94
8/1/2018,1844
8/2/2018,2162.947586
8/3/2018,2162.947586
8/4/2018,4855.17
8/5/2018,4290.21
8/6/2018,3370.5
8/7/2018,3055
8/8/2018,2968.58
8/9/2018,3035.38
8/10/2018,2599.58
8/11/2018,2161.33
8/12/2018,2524.25
8/13/2018,2438.92
8/14/2018,1887.79
8/15/2018,1853.5
8/16/2018,1597.19
8/17/2018,1666.06
8/18/2018,1447.67
8/19/2018,1436.63
8/20/2018,1556.75
8/21/2018,1552.33
8/22/2018,1668
8/23/2018,1563
8/24/2018,1791.21
8/25/2018,1702.58
8/26/2018,1437
8/27/2018,1416.83
8/28/2018,1821.79
8/29/2018,1414.6
8/30/2018,1863.25
8/31/2018,1906.38
9/1/2018,1619.17
9/2/2018,2463.11
9/3/2018,3483.71
9/4/2018,2778.88
9/5/2018,2065.96
9/6/2018,1771.42
9/7/2018,1904.75
9/8/2018,1848
9/9/2018,1504.21
9/10/2018,1455.17
9/11/2018,1422
9/12/2018,1422
9/13/2018,1467
9/14/2018,1685
9/15/2018,1467
9/16/2018,1475
9/17/2018,1448
9/18/2018,1223
9/19/2018,967
9/20/2018,1088
9/21/2018,1201
9/22/2018,1164
9/23/2018,1026
9/24/2018,1067
9/25/2018,939
9/26/2018,1510.323448
9/27/2018,834
9/28/2018,1213
9/29/2018,858
9/30/2018,939
10/1/2018,939
10/2/2018,973
10/3/2018,962
10/4/2018,1000
10/5/2018,762
10/6/2018,868
10/7/2018,829
10/8/2018,1144.833333
10/9/2018,1082
10/10/2018,1731
10/11/2018,1667
10/12/2018,1297
10/13/2018,1256
10/14/2018,1592
10/15/2018,1248
10/16/2018,1178
10/17/2018,962
10/18/2018,996
10/19/2018,938
10/20/2018,1052
10/21/2018,939
10/22/2018,876
10/23/2018,1184
10/24/2018,1460
10/25/2018,1191
10/26/2018,1123
10/27/2018,1325
10/28/2018,1320
10/29/2018,1147
10/30/2018,1216
10/31/2018,1232
11/1/2018,1073
11/2/2018,1073
11/3/2018,900
11/4/2018,1079
11/5/2018,1022
11/6/2018,879
11/7/2018,723
11/8/2018,755
11/9/2018,582
11/10/2018,565
11/11/2018,552
11/12/2018,561
11/13/2018,709.3703704
11/14/2018,944
11/15/2018,779
11/16/2018,709.3703704
11/17/2018,688
11/18/2018,709.3703704
11/19/2018,588
11/20/2018,521
11/21/2018,546
11/22/2018,538
11/23/2018,504
11/24/2018,583
11/25/2018,536
11/26/2018,631
11/27/2018,572
11/28/2018,648
11/29/2018,631
11/30/2018,680
12/1/2018,676
12/2/2018,533
12/3/2018,549
12/4/2018,564
12/5/2018,368
12/6/2018,500
12/7/2018,484
12/8/2018,410
12/9/2018,466
12/10/2018,716
12/11/2018,597
12/12/2018,465
12/13/2018,572
12/14/2018,473
12/15/2018,539
12/16/2018,520.5
12/17/2018,460
12/18/2018,466
12/19/2018,442
12/20/2018,520.5
12/21/2018,520.5
12/22/2018,581
12/23/2018,592
12/24/2018,416
12/25/2018,391
12/26/2018,458
12/27/2018,517
12/28/2018,600
12/29/2018,486
12/30/2018,684
12/31/2018,569
1/1/2019,547
1/2/2019,611
1/3/2019,496
1/4/2019,486
1/5/2019,539
1/6/2019,484
1/7/2019,479
1/8/2019,967
1/9/2019,1460
1/10/2019,1054
1/11/2019,517.6896552
1/12/2019,621
1/13/2019,584
1/14/2019,472
1/15/2019,480
1/16/2019,477
1/17/2019,532
1/18/2019,337
1/19/2019,357
1/20/2019,384
1/21/2019,402
1/22/2019,372
1/23/2019,384
1/24/2019,435
1/25/2019,517.6896552
1/26/2019,367
1/27/2019,302
1/28/2019,290
1/29/2019,282
1/30/2019,412
1/31/2019,400
2/1/2019,300
2/2/2019,236
2/3/2019,215
2/4/2019,220
2/5/2019,218
2/6/2019,228
2/7/2019,206
2/8/2019,203
2/9/2019,258.0384615
2/10/2019,200
2/11/2019,256
2/12/2019,248
2/13/2019,203
2/14/2019,258.0384615
2/15/2019,218
2/16/2019,245
2/17/2019,287
2/18/2019,250
2/19/2019,300
2/20/2019,338
2/21/2019,363
2/22/2019,336
2/23/2019,371
2/24/2019,276
2/25/2019,317
2/26/2019,249
2/27/2019,162
2/28/2019,264
3/1/2019,188
3/2/2019,228
3/3/2019,474
3/4/2019,342
3/5/2019,263
3/6/2019,334
3/7/2019,496
3/8/2019,401
3/9/2019,426
3/10/2019,500
3/11/2019,439
3/12/2019,481
3/13/2019,355
3/14/2019,235
3/15/2019,413
3/16/2019,247
3/17/2019,259
3/18/2019,154
3/19/2019,318
3/20/2019,424
3/21/2019,124
3/22/2019,105
3/23/2019,81
3/24/2019,72
3/25/2019,82
3/26/2019,98
3/27/2019,89
3/28/2019,97
3/29/2019,107
3/30/2019,73
3/31/2019,82
4/1/2019,84
4/2/2019,91
4/3/2019,133
4/4/2019,111
4/5/2019,93
4/6/2019,93
4/7/2019,86
4/8/2019,112
4/9/2019,122
4/10/2019,175
4/11/2019,175
4/12/2019,221
4/13/2019,9
4/14/2019,167
4/15/2019,318
4/16/2019,316
4/17/2019,267
4/18/2019,264
4/19/2019,167
4/20/2019,304
4/21/2019,251
4/22/2019,325
4/23/2019,289
4/24/2019,183
4/25/2019,446
4/26/2019,202
4/27/2019,304
4/28/2019,208
4/29/2019,209
4/30/2019,183
5/1/2019,209
5/2/2019,207
5/3/2019,228
5/4/2019,137
5/5/2019,115
5/6/2019,165
5/7/2019,133
5/8/2019,166
5/9/2019,196
5/10/2019,193
5/11/2019,326
5/12/2019,325
5/13/2019,412
5/14/2019,329
5/15/2019,423
5/16/2019,459
5/17/2019,527
5/18/2019,477
5/19/2019,475
5/20/2019,467
5/21/2019,524
5/22/2019,430
5/23/2019,485
5/24/2019,365
5/25/2019,269
5/26/2019,213
5/27/2019,209
5/28/2019,206
5/29/2019,376
5/30/2019,313
5/31/2019,328
6/1/2019,525
6/2/2019,303
6/3/2019,161
6/4/2019,348
6/5/2019,238
6/6/2019,218
6/7/2019,329
6/8/2019,393
6/9/2019,332
6/10/2019,428.1724138
6/11/2019,535
6/12/2019,525
6/13/2019,466
6/14/2019,553
6/15/2019,389
6/16/2019,346
6/17/2019,412
6/18/2019,445
6/19/2019,464
6/20/2019,370
6/21/2019,304
6/22/2019,337
6/23/2019,312
6/24/2019,800
6/25/2019,505
6/26/2019,449
6/27/2019,442
6/28/2019,455
6/29/2019,659
6/30/2019,802
7/1/2019,950
7/2/2019,781
7/3/2019,633
7/4/2019,500
7/5/2019,441
7/6/2019,383
7/7/2019,389
7/8/2019,384
7/9/2019,553
7/10/2019,628
7/11/2019,834
7/12/2019,632
7/13/2019,601
7/14/2019,630
7/15/2019,772
7/16/2019,1327
7/17/2019,1223
7/18/2019,1008
7/19/2019,1025
7/20/2019,1009
7/21/2019,1131
7/22/2019,1062
7/23/2019,1644
7/24/2019,1631
7/25/2019,1381
7/26/2019,1484
7/27/2019,1303
7/28/2019,1276
7/29/2019,1038
7/30/2019,1242
7/31/2019,1293
8/1/2019,1161
8/2/2019,1219
8/3/2019,1388
8/4/2019,1106
8/5/2019,1043
8/6/2019,1170
8/7/2019,1312
8/8/2019,1457
8/9/2019,1566
8/10/2019,1295
8/11/2019,1306
8/12/2019,1415
8/13/2019,1299
8/14/2019,1186
8/15/2019,1203
8/16/2019,1214
8/17/2019,1001
8/18/2019,1211
8/19/2019,981
8/20/2019,949
8/21/2019,886
8/22/2019,857
8/23/2019,637
8/24/2019,570
8/25/2019,570
8/26/2019,653
8/27/2019,837
8/28/2019,586
8/29/2019,592
8/30/2019,557
8/31/2019,554
9/1/2019,524
9/2/2019,568
9/3/2019,534
9/4/2019,431
9/5/2019,487
9/6/2019,658
9/7/2019,503
9/8/2019,754
9/9/2019,598
9/10/2019,1387
9/11/2019,1777
9/12/2019,1203
9/13/2019,847
9/14/2019,754
9/15/2019,715
9/16/2019,689
9/17/2019,745
9/18/2019,879
9/19/2019,689
9/20/2019,689
9/21/2019,641
9/22/2019,576
9/23/2019,592
9/24/2019,600
9/25/2019,576
9/26/2019,563
9/27/2019,735
9/28/2019,853
9/29/2019,540
9/30/2019,643
10/1/2019,290
10/2/2019,293
10/3/2019,467
10/4/2019,545
10/5/2019,637
10/6/2019,314
10/7/2019,273
10/8/2019,211
10/9/2019,336
10/10/2019,413
10/11/2019,474
10/12/2019,651
10/13/2019,525
10/14/2019,628
10/15/2019,418
10/16/2019,465
10/17/2019,394
10/18/2019,307
10/19/2019,278
10/20/2019,335
10/21/2019,485
10/22/2019,404
10/23/2019,358
10/24/2019,479
10/25/2019,416
10/26/2019,287
10/27/2019,215
10/28/2019,236
10/29/2019,286
10/30/2019,294
10/31/2019,349
11/1/2019,298
11/2/2019,286
11/3/2019,324
11/4/2019,357
11/5/2019,283
11/6/2019,185
11/7/2019,199
11/8/2019,263
11/9/2019,179
11/10/2019,340
11/11/2019,280
11/12/2019,252
11/13/2019,272
11/14/2019,315
11/15/2019,243
11/16/2019,190
11/17/2019,218
11/18/2019,421
11/19/2019,282
11/20/2019,343
11/21/2019,245
11/22/2019,184
11/23/2019,186
11/24/2019,238
11/25/2019,285
11/26/2019,164
11/27/2019,174
11/28/2019,202
11/29/2019,139
11/30/2019,111
12/1/2019,105
12/2/2019,264
12/3/2019,372
12/4/2019,301
12/5/2019,263
12/6/2019,326.2
12/7/2019,326.2
12/8/2019,396
12/9/2019,326.2
12/10/2019,380
12/11/2019,436
12/12/2019,300
12/13/2019,269
12/14/2019,346
12/15/2019,180
12/16/2019,326.2
12/17/2019,326.2
12/18/2019,241
12/19/2019,266
12/20/2019,309
12/21/2019,215
12/22/2019,217
12/23/2019,230
12/24/2019,326
12/25/2019,326.2
12/26/2019,394
12/27/2019,412
12/28/2019,517
12/29/2019,488
12/30/2019,389
12/31/2019,539
1/1/2020,163
1/2/2020,147.2857143
1/3/2020,147.2857143
1/4/2020,156
1/5/2020,318
1/6/2020,174
1/7/2020,147.2857143
1/8/2020,238
1/9/2020,147.2857143
1/10/2020,151
1/11/2020,233
1/12/2020,134
1/13/2020,102
1/14/2020,132
1/15/2020,147.2857143
1/16/2020,108
1/17/2020,147.2857143
1/18/2020,94
1/19/2020,147.2857143
1/20/2020,113
1/21/2020,71
1/22/2020,67
1/23/2020,75
1/24/2020,147.2857143
1/25/2020,122
1/26/2020,114
1/27/2020,115
1/28/2020,156
1/29/2020,257
1/30/2020,147.2857143
1/31/2020,147.2857143
2/1/2020,184.7
2/2/2020,184.7
2/3/2020,147
2/4/2020,184.7
2/5/2020,184.7
2/6/2020,184
2/7/2020,184.7
2/8/2020,184.7
2/9/2020,173
2/10/2020,233
2/11/2020,221
2/12/2020,201
2/13/2020,179
2/14/2020,244
2/15/2020,137
2/16/2020,159
2/17/2020,169
2/18/2020,184.7
2/19/2020,163
2/20/2020,184.7
2/21/2020,203
2/22/2020,200
2/23/2020,146
2/24/2020,217
2/25/2020,184.7
2/26/2020,192
2/27/2020,164
2/28/2020,177
2/29/2020,185
3/1/2020,152
3/2/2020,103.0740741
3/3/2020,57
3/4/2020,92
3/5/2020,103.0740741
3/6/2020,90
3/7/2020,95
3/8/2020,103.0740741
3/9/2020,103.0740741
3/10/2020,73
3/11/2020,61
3/12/2020,89
3/13/2020,87
3/14/2020,39
3/15/2020,51
3/16/2020,72
3/17/2020,57
3/18/2020,116
3/19/2020,95
3/20/2020,129
3/21/2020,122
3/22/2020,122
3/23/2020,201
3/24/2020,216
3/25/2020,91
3/26/2020,129
3/27/2020,66
3/28/2020,185
3/29/2020,93
3/30/2020,51
3/31/2020,152
4/1/2020,122
4/2/2020,119
4/3/2020,109
4/4/2020,208
4/5/2020,149.7083333
4/6/2020,149.7083333
4/7/2020,208
4/8/2020,245
4/9/2020,127
4/10/2020,84
4/11/2020,176
4/12/2020,150
4/13/2020,261
4/14/2020,295
4/15/2020,177
4/16/2020,121
4/17/2020,149.7083333
4/18/2020,149.7083333
4/19/2020,80
4/20/2020,50
4/21/2020,114
4/22/2020,80
4/23/2020,142
4/24/2020,194
4/25/2020,198
4/26/2020,139
4/27/2020,149.7083333
4/28/2020,149.7083333
4/29/2020,125
4/30/2020,69
5/1/2020,144
5/2/2020,144
5/3/2020,113
5/4/2020,92
5/5/2020,102
5/6/2020,128
5/7/2020,135
5/8/2020,144
5/9/2020,62
5/10/2020,66
5/11/2020,153
5/12/2020,263
5/13/2020,181
5/14/2020,150
5/15/2020,113
5/16/2020,277
5/17/2020,97
5/18/2020,127
5/19/2020,83
5/20/2020,110
5/21/2020,137
5/22/2020,446
5/23/2020,191
5/24/2020,71
5/25/2020,95
5/26/2020,157
5/27/2020,124
5/28/2020,209
5/29/2020,132
5/30/2020,110
5/31/2020,108
6/1/2020,201
6/2/2020,259
6/3/2020,171
6/4/2020,406.862069
6/5/2020,348
6/6/2020,323
6/7/2020,178
6/8/2020,175
6/9/2020,212
6/10/2020,248
6/11/2020,190
6/12/2020,224
6/13/2020,183
6/14/2020,529
6/15/2020,276
6/16/2020,295
6/17/2020,331
6/18/2020,483
6/19/2020,564
6/20/2020,505
6/21/2020,424
6/22/2020,420
6/23/2020,501
6/24/2020,948
6/25/2020,775
6/26/2020,605
6/27/2020,562
6/28/2020,541
6/29/2020,710
6/30/2020,618
7/1/2020,705
7/2/2020,622
7/3/2020,834
7/4/2020,870
7/5/2020,628
7/6/2020,1283.007586
7/7/2020,779
7/8/2020,896
7/9/2020,1283.007586
7/10/2020,745
7/11/2020,2794.57
7/12/2020,2794.57
7/13/2020,2525.75
7/14/2020,1870
7/15/2020,1342
7/16/2020,1216
7/17/2020,1163
7/18/2020,1446
7/19/2020,1535
7/20/2020,1682.33
7/21/2020,1250
7/22/2020,1267
7/23/2020,1184
7/24/2020,1052
7/25/2020,1132
7/26/2020,1139
7/27/2020,1207
7/28/2020,1274
7/29/2020,1190
7/30/2020,1054
7/31/2020,1010
8/1/2020,960
8/2/2020,943
8/3/2020,729
8/4/2020,929
8/5/2020,976
8/6/2020,1555
8/7/2020,1710
8/8/2020,1626
8/9/2020,1494
8/10/2020,1298
8/11/2020,1542
8/12/2020,1658
8/13/2020,1790.2
8/14/2020,1842.13
8/15/2020,1880.45
8/16/2020,2341.29
8/17/2020,2872.5
8/18/2020,3718.3
8/19/2020,4794.88
8/20/2020,3965.25
8/21/2020,3001.46
8/22/2020,2859.42
8/23/2020,3076.7
8/24/2020,2560
8/25/2020,2485.55
8/26/2020,3240
8/27/2020,1718
8/28/2020,1695.54
8/29/2020,1599.3
8/30/2020,1773.29
8/31/2020,1854.79
9/1/2020,1905.88
9/2/2020,1275
9/3/2020,1319
9/4/2020,1329
9/5/2020,1302
9/6/2020,1305
9/7/2020,1579
9/8/2020,1612
9/9/2020,1683
9/10/2020,1650.4
9/11/2020,1532
9/12/2020,1461
9/13/2020,1599
9/14/2020,1611.4
9/15/2020,1659
9/16/2020,2186
9/17/2020,2186.15
9/18/2020,1837.21
9/19/2020,1684
9/20/2020,1618.7
9/21/2020,1663.42
9/22/2020,1731.75
9/23/2020,2979.05
9/24/2020,2931.88
9/25/2020,2990.63
9/26/2020,2915
9/27/2020,2025.58
9/28/2020,1807.38
9/29/2020,1972
9/30/2020,1998
10/1/2020,1839.75
10/2/2020,1995
10/3/2020,1520
10/4/2020,1945.83
10/5/2020,1804.5
10/6/2020,1725
10/7/2020,1828
10/8/2020,1742.79
10/9/2020,1720
10/10/2020,1179
10/11/2020,1297
10/12/2020,1160.67
10/13/2020,1133
10/14/2020,957.25
10/15/2020,1023
10/16/2020,1127
10/17/2020,925
10/18/2020,1064.33
10/19/2020,797
10/20/2020,811
10/21/2020,521
10/22/2020,475
10/23/2020,636
10/24/2020,495
10/25/2020,595
10/26/2020,235
10/27/2020,650
10/28/2020,392
10/29/2020,888
10/30/2020,889
10/31/2020,535
11/1/2020,562
11/2/2020,653
11/3/2020,615
11/4/2020,274
11/5/2020,473
11/6/2020,684
11/7/2020,870
11/8/2020,678
11/9/2020,625
11/10/2020,832
11/11/2020,715
11/12/2020,726
11/13/2020,523
11/14/2020,371
11/15/2020,598
11/16/2020,672
11/17/2020,433
11/18/2020,356
11/19/2020,478
11/20/2020,292
11/21/2020,339
11/22/2020,419
11/23/2020,554
11/24/2020,352
11/25/2020,373.75
11/26/2020,255
11/27/2020,318
11/28/2020,174
11/29/2020,641.67
11/30/2020,403
12/1/2020,483
12/2/2020,335
12/3/2020,171
12/4/2020,560
12/5/2020,348
12/6/2020,84
12/7/2020,539
12/8/2020,321.9443333
12/9/2020,160
12/10/2020,327
12/11/2020,295
12/12/2020,241
12/13/2020,185
12/14/2020,239
12/15/2020,294
12/16/2020,335
12/17/2020,337
12/18/2020,414
12/19/2020,436
12/20/2020,370
12/21/2020,194
12/22/2020,499
12/23/2020,449.33
12/24/2020,593
12/25/2020,312
12/26/2020,311
12/27/2020,107
12/28/2020,107
12/29/2020,340
12/30/2020,202
12/31/2020,391
1/1/2021,182
1/2/2021,153
1/3/2021,138
1/4/2021,139
1/5/2021,139
1/6/2021,143
1/7/2021,164
1/8/2021,202
1/9/2021,300
1/10/2021,300.33
1/11/2021,416
1/12/2021,146
1/13/2021,181
1/14/2021,314
1/15/2021,310
1/16/2021,249
1/17/2021,520
1/18/2021,75
1/19/2021,235
1/20/2021,152
1/21/2021,231.5
1/22/2021,123
1/23/2021,172
1/24/2021,105
1/25/2021,208.3392593
1/26/2021,208.3392593
1/27/2021,115.33
1/28/2021,208.3392593
1/29/2021,195
1/30/2021,208.3392593
1/31/2021,225
2/1/2021,198.0625
2/2/2021,210
2/3/2021,198.0625
2/4/2021,188
2/5/2021,198.0625
2/6/2021,198.0625
2/7/2021,198.0625
2/8/2021,198.0625
2/9/2021,523
2/10/2021,267
2/11/2021,111
2/12/2021,198.0625
2/13/2021,198.0625
2/14/2021,198.0625
2/15/2021,198.0625
2/16/2021,198.0625
2/17/2021,448
2/18/2021,198.0625
2/19/2021,142
2/20/2021,132
2/21/2021,91
2/22/2021,178
2/23/2021,182
2/24/2021,111
2/25/2021,123
2/26/2021,142
2/27/2021,198
2/28/2021,123
3/1/2021,193
3/2/2021,208.3636364
3/3/2021,90
3/4/2021,208.3636364
3/5/2021,208.3636364
3/6/2021,208.3636364
3/7/2021,184
3/8/2021,125
3/9/2021,208.3636364
3/10/2021,217
3/11/2021,213
3/12/2021,258
3/13/2021,208.3636364
3/14/2021,208.3636364
3/15/2021,208.3636364
3/16/2021,208.3636364
3/17/2021,228
3/18/2021,233
3/19/2021,208.3636364
3/20/2021,208.3636364
3/21/2021,284
3/22/2021,267
3/23/2021,208.3636364
3/24/2021,208.3636364
3/25/2021,208.3636364
3/26/2021,208.3636364
3/27/2021,208.3636364
3/28/2021,208.3636364
3/29/2021,208.3636364
3/30/2021,208.3636364
3/31/2021,208.3636364
4/1/2021,176
4/2/2021,255
4/3/2021,153.0909091
4/4/2021,153.0909091
4/5/2021,146
4/6/2021,153.0909091
4/7/2021,234
4/8/2021,130
4/9/2021,153.0909091
4/10/2021,153.0909091
4/11/2021,153.0909091
4/12/2021,153.0909091
4/13/2021,153.0909091
4/14/2021,153.0909091
4/15/2021,153.0909091
4/16/2021,153.0909091
4/17/2021,153.0909091
4/18/2021,153.0909091
4/19/2021,153.0909091
4/20/2021,153.0909091
4/21/2021,71
4/22/2021,88
4/23/2021,59
4/24/2021,156
4/25/2021,153.0909091
4/26/2021,153.0909091
4/27/2021,153.0909091
4/28/2021,153.0909091
4/29/2021,221
4/30/2021,148
5/1/2021,94
5/2/2021,104
5/3/2021,298.8096429
5/4/2021,298.8096429
5/5/2021,298.8096429
5/6/2021,281
5/7/2021,147
5/8/2021,353
5/9/2021,305
5/10/2021,349
5/11/2021,252
5/12/2021,324
5/13/2021,375
5/14/2021,302
5/15/2021,164
5/16/2021,257
5/17/2021,181
5/18/2021,156
5/19/2021,274
5/20/2021,302
5/21/2021,223
5/22/2021,124
5/23/2021,201.67
5/24/2021,538
5/25/2021,477
5/26/2021,594
5/27/2021,385
5/28/2021,472
5/29/2021,400
5/30/2021,387
5/31/2021,345
6/1/2021,217.67
6/2/2021,206
6/3/2021,286
6/4/2021,338
6/5/2021,732
6/6/2021,895
6/7/2021,859
6/8/2021,835
6/9/2021,458
6/10/2021,651
6/11/2021,696
6/12/2021,713
6/13/2021,684
6/14/2021,571.67
6/15/2021,242
6/16/2021,594
6/17/2021,653
6/18/2021,644
6/19/2021,489
6/20/2021,519
6/21/2021,704
6/22/2021,608
6/23/2021,866
6/24/2021,1250
6/25/2021,1698
6/26/2021,1365
6/27/2021,897
6/28/2021,937
6/29/2021,967
6/30/2021,1065
7/1/2021,1279
7/2/2021,204.31
7/3/2021,1112
7/4/2021,1014
7/5/2021,1314
7/6/2021,1312
7/7/2021,1122
7/8/2021,996
7/9/2021,883
7/10/2021,940
7/11/2021,954
7/12/2021,944
7/13/2021,839
7/14/2021,920
7/15/2021,904
7/16/2021,792
7/17/2021,708
7/18/2021,973
7/19/2021,1820
7/20/2021,1767
7/21/2021,1384
7/22/2021,1512
7/23/2021,1348
7/24/2021,1436
7/25/2021,1165
7/26/2021,1341
7/27/2021,1571
7/28/2021,1781
7/29/2021,2176
7/30/2021,1850
7/31/2021,1527
8/1/2021,1594.67
8/2/2021,1669.67
8/3/2021,1751
8/4/2021,1614
8/5/2021,1288
8/6/2021,1121
8/7/2021,1044
8/8/2021,890
8/9/2021,925.33
8/10/2021,1133
8/11/2021,1237
8/12/2021,1253
8/13/2021,1494
8/14/2021,1171.75
8/15/2021,1437.63
8/16/2021,2206
8/17/2021,1984.6
8/18/2021,2067.5
8/19/2021,2195.88
8/20/2021,2076.88
8/21/2021,1759
8/22/2021,1570
8/23/2021,1459
8/24/2021,1792.63
8/25/2021,1949
8/26/2021,1844
8/27/2021,1797
8/28/2021,1817
8/29/2021,1452.88
8/30/2021,1202
8/31/2021,1353.71
9/1/2021,1379.56
9/2/2021,1313.67
9/3/2021,1347.14
9/4/2021,1434
9/5/2021,1320
9/6/2021,1300
9/7/2021,1202.13
9/8/2021,1224.42
9/9/2021,1242.57
9/10/2021,1090
9/11/2021,1019.33
9/12/2021,1095.63
9/13/2021,1026
9/14/2021,1006
9/15/2021,985.5
9/16/2021,1018
9/17/2021,988.64
9/18/2021,617.25
9/19/2021,689
9/20/2021,1298
9/21/2021,1019
9/22/2021,896
9/23/2021,863
9/24/2021,781
9/25/2021,884
9/26/2021,822
9/27/2021,642
9/28/2021,655
9/29/2021,649
9/30/2021,679
10/1/2021,573
10/2/2021,641.67
10/3/2021,547
10/4/2021,623
10/5/2021,692
10/6/2021,651
10/7/2021,634
10/8/2021,724.75
10/9/2021,553
10/10/2021,370
10/11/2021,291
10/12/2021,452
10/13/2021,443
10/14/2021,304.75
10/15/2021,147.5
10/16/2021,239
10/17/2021,225
10/18/2021,232
10/19/2021,217
10/20/2021,265
10/21/2021,278
10/22/2021,685
10/23/2021,627
10/24/2021,590
10/25/2021,414
10/26/2021,207.84
10/27/2021,423.97
10/28/2021,546
10/29/2021,681
10/30/2021,596
10/31/2021,558
11/1/2021,1844
11/2/2021,1077
11/3/2021,1046
11/4/2021,795
11/5/2021,662
11/6/2021,596
11/7/2021,605
11/8/2021,691
11/9/2021,580
11/10/2021,366.5
11/11/2021,516
11/12/2021,499
11/13/2021,368
11/14/2021,488
11/15/2021,505
11/16/2021,924
11/17/2021,1220
11/18/2021,962
11/19/2021,964.5
11/20/2021,752.5
11/21/2021,640
11/22/2021,708
11/23/2021,982.5
11/24/2021,930
11/25/2021,724
11/26/2021,869
11/27/2021,790.25
11/28/2021,734
11/29/2021,666
11/30/2021,555
12/1/2021,545
12/2/2021,389.67
12/3/2021,473
12/4/2021,484
12/5/2021,576
12/6/2021,631
12/7/2021,385.5
12/8/2021,398.25
12/9/2021,258
12/10/2021,254
12/11/2021,217
12/12/2021,399
12/13/2021,330
12/14/2021,211
12/15/2021,205
12/16/2021,238
12/17/2021,357
12/18/2021,340
12/19/2021,370
12/20/2021,376
12/21/2021,231
12/22/2021,307
12/23/2021,305
12/24/2021,306
12/25/2021,465
12/26/2021,588
12/27/2021,389
12/28/2021,416
12/29/2021,564
12/30/2021,551
12/31/2021,500
1/1/2022,472
1/2/2022,457
1/3/2022,396
1/4/2022,322.33
1/5/2022,413
1/6/2022,388
1/7/2022,371
1/8/2022,341
1/9/2022,333
1/10/2022,316
1/11/2022,311
1/12/2022,246
1/13/2022,314.75
1/14/2022,522
1/15/2022,354
1/16/2022,423
1/17/2022,193.5
1/18/2022,398
1/19/2022,481
1/20/2022,409
1/21/2022,489.25
1/22/2022,360
1/23/2022,373
1/24/2022,379
1/25/2022,400
1/26/2022,221
1/27/2022,220
1/28/2022,235
1/29/2022,242
1/30/2022,252
1/31/2022,364
2/1/2022,255
2/2/2022,371
2/3/2022,271
2/4/2022,206
2/5/2022,297
2/6/2022,239
2/7/2022,250
2/8/2022,210
2/9/2022,183
2/10/2022,188
2/11/2022,246
2/12/2022,255
2/13/2022,239
2/14/2022,159
2/15/2022,259
2/16/2022,621
2/17/2022,172
2/18/2022,193
2/19/2022,427
2/20/2022,448
2/21/2022,485
2/22/2022,486.45
2/23/2022,452.67
2/24/2022,459
2/25/2022,533.5
2/26/2022,298
2/27/2022,253
2/28/2022,303.5
3/1/2022,324
3/2/2022,272
3/3/2022,365
3/4/2022,157
3/5/2022,185
3/6/2022,194
3/7/2022,285
3/8/2022,371
3/9/2022,131
3/10/2022,365
3/11/2022,309
3/12/2022,267
3/13/2022,111
3/14/2022,521
3/15/2022,211.06
3/16/2022,362
3/17/2022,364
3/18/2022,298
3/19/2022,285
3/20/2022,182
3/21/2022,339
3/22/2022,340
3/23/2022,370
3/24/2022,252
3/25/2022,277
3/26/2022,238
3/27/2022,368
3/28/2022,457
3/29/2022,507
3/30/2022,391
3/31/2022,475
4/1/2022,368
4/2/2022,443
4/3/2022,233
4/4/2022,396
4/5/2022,376
4/6/2022,427
4/7/2022,241
4/8/2022,329
4/9/2022,297
4/10/2022,473
4/11/2022,407
4/12/2022,400
4/13/2022,391
4/14/2022,527
4/15/2022,317
4/16/2022,147
4/17/2022,197
4/18/2022,177
4/19/2022,186
4/20/2022,189
4/21/2022,247
4/22/2022,179.25
4/23/2022,176.5
4/24/2022,169
4/25/2022,180
4/26/2022,225.75
4/27/2022,88.67
4/28/2022,81
4/29/2022,79
4/30/2022,104
5/1/2022,111
5/2/2022,128
5/3/2022,152
5/4/2022,171
5/5/2022,119
5/6/2022,104
5/7/2022,201
5/8/2022,341
5/9/2022,440
5/10/2022,467
5/11/2022,511.5
5/12/2022,519
5/13/2022,551
5/14/2022,276
5/15/2022,377
5/16/2022,913
5/17/2022,637
5/18/2022,518
5/19/2022,580
5/20/2022,926
5/21/2022,916
5/22/2022,1250
5/23/2022,1292
5/24/2022,1641
5/25/2022,1350
5/26/2022,1124
5/27/2022,969
5/28/2022,872
5/29/2022,827
5/30/2022,964
5/31/2022,990
6/1/2022,876
6/2/2022,924
6/3/2022,841
6/4/2022,962
6/5/2022,891
6/6/2022,1176
6/7/2022,947
6/8/2022,1983
6/9/2022,1864.5
6/10/2022,1916.25
6/11/2022,1796.63
6/12/2022,1480.58
6/13/2022,1467.75
6/14/2022,1948.42
6/15/2022,2267
6/16/2022,2148
6/17/2022,1819.08
6/18/2022,1722
6/19/2022,1567
6/20/2022,1343
6/21/2022,1411
6/22/2022,1456
6/23/2022,1456
6/24/2022,1703
6/25/2022,1520
6/26/2022,1220
6/27/2022,1470
6/28/2022,1510
6/29/2022,1861
6/30/2022,1801
7/1/2022,1727.56
7/2/2022,1460.79
7/3/2022,1502.29
7/4/2022,1571
7/5/2022,1903.83
7/6/2022,1773.75
7/7/2022,1583
7/8/2022,1405
7/9/2022,1446
7/10/2022,1238
7/11/2022,1136
7/12/2022,1057
7/13/2022,1037
7/14/2022,1103
7/15/2022,1216
7/16/2022,1092
7/17/2022,879
7/18/2022,930
7/19/2022,1017
7/20/2022,1168
7/21/2022,912
7/22/2022,757
7/23/2022,776
7/24/2022,830.25
7/25/2022,781
7/26/2022,752
7/27/2022,715
7/28/2022,655
7/29/2022,858.75
7/30/2022,904
7/31/2022,546
8/1/2022,550.5
8/2/2022,742.89
8/3/2022,980
8/4/2022,756
8/5/2022,1214
8/6/2022,910
8/7/2022,1066
8/8/2022,1405
8/9/2022,1140
8/10/2022,1026
8/11/2022,1110
8/12/2022,1124
8/13/2022,1137
8/14/2022,1150
8/15/2022,1283.31
8/16/2022,1049
8/17/2022,1023
8/18/2022,909
8/19/2022,864
8/20/2022,1109
8/21/2022,693
8/22/2022,198.98
8/23/2022,860
8/24/2022,737
8/25/2022,834
8/26/2022,895.75
8/27/2022,1146.3
8/28/2022,1182
8/29/2022,1056
8/30/2022,841.75
8/31/2022,1095
9/1/2022,1234.96
9/2/2022,945
9/3/2022,767
9/4/2022,1062
9/5/2022,1423.5
9/6/2022,1215
9/7/2022,1188
9/8/2022,1081
9/9/2022,996
9/10/2022,916
9/11/2022,976
9/12/2022,1130
9/13/2022,1133
9/14/2022,1149
9/15/2022,957
9/16/2022,1546
9/17/2022,1756
9/18/2022,1431
9/19/2022,1425
9/20/2022,1252
9/21/2022,1382
9/22/2022,1342
9/23/2022,1238
9/24/2022,1178
9/25/2022,1116
9/26/2022,1086
9/27/2022,1100
9/28/2022,1118
9/29/2022,1033
9/30/2022,837
10/1/2022,848
10/2/2022,862
10/3/2022,767
10/4/2022,641
10/5/2022,1029
10/6/2022,588
10/7/2022,648
10/8/2022,525
10/9/2022,659
10/10/2022,649
10/11/2022,954
10/12/2022,846.38
10/13/2022,786
10/14/2022,779.92
10/15/2022,795.25
10/16/2022,696
10/17/2022,552.75
10/18/2022,477
10/19/2022,534
10/20/2022,531
10/21/2022,581
10/22/2022,585
10/23/2022,666
10/24/2022,593
10/25/2022,473
10/26/2022,322
10/27/2022,297
10/28/2022,290
10/29/2022,237
10/30/2022,289
10/31/2022,288
11/1/2022,216
11/2/2022,253
11/3/2022,537
11/4/2022,384
11/5/2022,479
11/6/2022,512
11/7/2022,482
11/8/2022,477
11/9/2022,442
11/10/2022,346.25
11/11/2022,365
11/12/2022,447
11/13/2022,294
11/14/2022,481.67
11/15/2022,475
11/16/2022,422
11/17/2022,453
11/18/2022,442
11/19/2022,470
11/20/2022,497
11/21/2022,485
11/22/2022,522
11/23/2022,438
11/24/2022,466
11/25/2022,423
11/26/2022,547
11/27/2022,393
11/28/2022,359
11/29/2022,302.67
11/30/2022,486.5
12/1/2022,513
12/2/2022,527
12/3/2022,350
12/4/2022,185
12/5/2022,324
12/6/2022,208
12/7/2022,294
12/8/2022,230
12/9/2022,232
12/10/2022,199
12/11/2022,195
12/12/2022,345
12/13/2022,354
12/14/2022,247.75
12/15/2022,299.25
12/16/2022,222.25
12/17/2022,421
12/18/2022,614
12/19/2022,493
12/20/2022,81
12/21/2022,635.5
12/22/2022,477
12/23/2022,357
12/24/2022,325
12/25/2022,329
12/26/2022,217
12/27/2022,260
12/28/2022,565
12/29/2022,472
12/30/2022,476
12/31/2022,568
1/1/2023,307
1/2/2023,282
1/3/2023,238.75
1/4/2023,108
1/5/2023,95
1/6/2023,212
1/7/2023,131
1/8/2023,175
1/9/2023,289
1/10/2023,459
1/11/2023,220.47
1/12/2023,163
1/13/2023,154
1/14/2023,126
1/15/2023,146
1/16/2023,154
1/17/2023,474
1/18/2023,194
1/19/2023,120
1/20/2023,82
1/21/2023,294
1/22/2023,103
1/23/2023,267
1/24/2023,219
1/25/2023,134
1/26/2023,121
1/27/2023,245
1/28/2023,231
1/29/2023,508
1/30/2023,293
1/31/2023,116
2/1/2023,173
2/2/2023,134
2/3/2023,118
2/4/2023,101
2/5/2023,110
2/6/2023,128
2/7/2023,124
2/8/2023,180
2/9/2023,135.5
2/10/2023,191
2/11/2023,194.5
2/12/2023,124
2/13/2023,114.75
2/14/2023,193
2/15/2023,278
2/16/2023,292
2/17/2023,245
2/18/2023,88
2/19/2023,120
2/20/2023,236
2/21/2023,227
2/22/2023,165
2/23/2023,87
2/24/2023,132
2/25/2023,286
2/26/2023,227
2/27/2023,305.5
2/28/2023,170
3/1/2023,343
3/2/2023,265
3/3/2023,311
3/4/2023,258
3/5/2023,228
3/6/2023,280
3/7/2023,194
3/8/2023,283
3/9/2023,235
3/10/2023,173
3/11/2023,245.33
3/12/2023,93
3/13/2023,112
3/14/2023,147
3/15/2023,170
3/16/2023,101.75
3/17/2023,173
3/18/2023,101
3/19/2023,121
3/20/2023,107
3/21/2023,160
3/22/2023,187
3/23/2023,125
3/24/2023,103.5
3/25/2023,185
3/26/2023,117
3/27/2023,222
3/28/2023,372
3/29/2023,59
3/30/2023,105
3/31/2023,147
4/1/2023,261
4/2/2023,69
4/3/2023,68
4/4/2023,70.5
4/5/2023,69
4/6/2023,69
4/7/2023,93.33
4/8/2023,58
4/9/2023,60
4/10/2023,56.5
4/11/2023,476.81
4/12/2023,54
4/13/2023,38
4/14/2023,45
4/15/2023,40
4/16/2023,52
4/17/2023,51
4/18/2023,47
4/19/2023,278
4/20/2023,242
4/21/2023,192
4/22/2023,53
4/23/2023,65
4/24/2023,60
4/25/2023,79
4/26/2023,158
4/27/2023,161
4/28/2023,157
4/29/2023,371
4/30/2023,262
5/1/2023,157
5/2/2023,88
5/3/2023,174
5/4/2023,85
5/5/2023,114
5/6/2023,238
5/7/2023,293
5/8/2023,181
5/9/2023,207
5/10/2023,229
5/11/2023,343.1
5/12/2023,496
5/13/2023,574
5/14/2023,501
5/15/2023,413
5/16/2023,184
5/17/2023,232
5/18/2023,194
5/19/2023,175
5/20/2023,293
5/21/2023,186
5/22/2023,203
5/23/2023,120
5/24/2023,133
5/25/2023,274.25
5/26/2023,262
5/27/2023,182
5/28/2023,181
5/29/2023,245
5/30/2023,343
5/31/2023,313
6/1/2023,131
6/2/2023,81
6/3/2023,171
6/4/2023,137
6/5/2023,130
6/6/2023,171
6/7/2023,273
6/8/2023,211
6/9/2023,396
6/10/2023,496.5
6/11/2023,164
6/12/2023,287
6/13/2023,359
6/14/2023,228
6/15/2023,422
6/16/2023,376
6/17/2023,373
6/18/2023,418
6/19/2023,456
6/20/2023,654
6/21/2023,388
6/22/2023,474
6/23/2023,455
6/24/2023,749
6/25/2023,642
6/26/2023,553
6/27/2023,502
6/28/2023,483
6/29/2023,414
6/30/2023,445
7/1/2023,583
7/2/2023,534
7/3/2023,547
7/4/2023,707
7/5/2023,568
7/6/2023,715
7/7/2023,728
7/8/2023,697
7/9/2023,938
7/10/2023,996
7/11/2023,786
7/12/2023,1033
7/13/2023,970
7/14/2023,1015
7/15/2023,1178
7/16/2023,830
7/17/2023,796
7/18/2023,708
7/19/2023,746
7/20/2023,647
7/21/2023,586
7/22/2023,489
7/23/2023,491
7/24/2023,646
7/25/2023,549
7/26/2023,631
7/27/2023,508
7/28/2023,687
7/29/2023,480
7/30/2023,686
7/31/2023,571
8/1/2023,593.65
8/2/2023,1805.84
8/3/2023,1704.88
8/4/2023,1215.27
8/5/2023,1459.98
8/6/2023,1591.52
8/7/2023,1562.22
8/8/2023,3227.34
8/9/2023,3014.28
8/10/2023,2326.28
8/11/2023,2044.94
8/12/2023,2324.8
8/13/2023,2044.09
8/14/2023,1838.77
8/15/2023,1696.23
8/16/2023,1986.73
8/17/2023,1763.17
8/18/2023,1586.38
8/19/2023,1694.13
8/20/2023,1668.09
8/21/2023,1822.09
8/22/2023,1576.82
8/23/2023,1622.8
8/24/2023,1622.69
8/25/2023,1773
8/26/2023,1791.21
8/27/2023,1645.33
8/28/2023,1871.09
8/29/2023,1695.91
8/30/2023,1632.46
8/31/2023,1529.56
9/1/2023,1432.61
9/2/2023,1064.01
9/3/2023,1057.43
9/4/2023,1014.78
9/5/2023,1031.54
9/6/2023,932.58
9/7/2023,962.95
9/8/2023,916.01
9/9/2023,982.83
9/10/2023,811.39
9/11/2023,883.29
9/12/2023,841.47
9/13/2023,1066.46
9/14/2023,782.77
9/15/2023,935.4
9/16/2023,782.67
9/17/2023,664.02
9/18/2023,736.07
9/19/2023,704.53
9/20/2023,605.82
9/21/2023,740.65
9/22/2023,637.29
9/23/2023,614.87
9/24/2023,953.22
9/25/2023,1009.03
9/26/2023,732.31
9/27/2023,612.79
9/28/2023,716
9/29/2023,629.76
9/30/2023,535.43
10/1/2023,671.89
10/2/2023,641.66
10/3/2023,598.2
10/4/2023,535.29
10/5/2023,558.46
10/6/2023,726.41
10/7/2023,634.6
10/8/2023,732.79
10/9/2023,1015.07
10/10/2023,740.32
10/11/2023,540.24
10/12/2023,808.13
10/13/2023,747.1
10/14/2023,593.79
10/15/2023,908.4
10/16/2023,888.17
10/17/2023,675.63
10/18/2023,566.63
10/19/2023,529.9
10/20/2023,537.93
10/21/2023,447.97
10/22/2023,624.75
10/23/2023,557.68
10/24/2023,682.21
10/25/2023,543.12
10/26/2023,577.35
10/27/2023,432.02
10/28/2023,451.48
10/29/2023,497.58
10/30/2023,403.64
10/31/2023,237.53
11/1/2023,223
11/2/2023,205
11/3/2023,256
11/4/2023,473
11/5/2023,345
11/6/2023,633
11/7/2023,616
11/8/2023,515
11/9/2023,405
11/10/2023,309
11/11/2023,386
11/12/2023,416
11/13/2023,463
11/14/2023,341
11/15/2023,484
11/16/2023,693
11/17/2023,608
11/18/2023,630
11/19/2023,486
11/20/2023,672
11/21/2023,428
11/22/2023,489
11/23/2023,682
11/24/2023,493
11/25/2023,343
11/26/2023,298
11/27/2023,497
11/28/2023,529
11/29/2023,515
11/30/2023,599
12/1/2023,492
12/2/2023,298
12/3/2023,377
12/4/2023,420
12/5/2023,377
12/6/2023,511
12/7/2023,559
12/8/2023,221
12/9/2023,122
12/10/2023,112
12/11/2023,152
12/12/2023,172
12/13/2023,118
12/14/2023,110
12/15/2023,388
12/16/2023,632
12/17/2023,254
12/18/2023,132
12/19/2023,140
12/20/2023,445
12/21/2023,629
12/22/2023,527
12/23/2023,795
12/24/2023,627
12/25/2023,845
12/26/2023,600
12/27/2023,515
12/28/2023,282
12/29/2023,405
12/30/2023,565
12/31/2023,266
1/1/2024,235
1/2/2024,108
1/3/2024,119
1/4/2024,153
1/5/2024,118
1/6/2024,130
1/7/2024,121
1/8/2024,110
1/9/2024,139
1/10/2024,140
1/11/2024,252
1/12/2024,293
1/13/2024,170
1/14/2024,103
1/15/2024,141
1/16/2024,159
1/17/2024,203
1/18/2024,194
1/19/2024,160
1/20/2024,93
1/21/2024,107
1/22/2024,144
1/23/2024,229
1/24/2024,218
1/25/2024,295
1/26/2024,308
1/27/2024,210
1/28/2024,377
1/29/2024,162
1/30/2024,214.87
1/31/2024,144
2/1/2024,116
2/2/2024,177
2/3/2024,203
2/4/2024,99
2/5/2024,124
2/6/2024,183
2/7/2024,176
2/8/2024,279
2/9/2024,343
2/10/2024,317
2/11/2024,196
2/12/2024,183
2/13/2024,144
2/14/2024,94
2/15/2024,221
2/16/2024,109
2/17/2024,106
2/18/2024,94
2/19/2024,107.19
2/20/2024,112
2/21/2024,141
2/22/2024,200
2/23/2024,130
2/24/2024,125
2/25/2024,86
2/26/2024,132
2/27/2024,126
2/28/2024,154
2/29/2024,116
3/1/2024,130
3/2/2024,92
3/3/2024,92
3/4/2024,98
3/5/2024,88
3/6/2024,116
3/7/2024,69
3/8/2024,153
3/9/2024,98
3/10/2024,118
3/11/2024,103
3/12/2024,116
3/13/2024,130
3/14/2024,126
3/15/2024,97
3/16/2024,116
3/17/2024,129
3/18/2024,101
3/19/2024,419
3/20/2024,458
3/21/2024,104
3/22/2024,126
3/23/2024,115
3/24/2024,87
3/25/2024,166
3/26/2024,144
3/27/2024,92
3/28/2024,293
3/29/2024,214.56
3/30/2024,197
3/31/2024,171
4/1/2024,94
4/2/2024,186
4/3/2024,209.25
4/4/2024,85
4/5/2024,68
4/6/2024,79
4/7/2024,77
4/8/2024,84
4/9/2024,91
4/10/2024,88
4/11/2024,89
4/12/2024,75
4/13/2024,88
4/14/2024,95
4/15/2024,78
4/16/2024,88
4/17/2024,65
4/18/2024,103
4/19/2024,91
4/20/2024,99
4/21/2024,76
4/22/2024,104
4/23/2024,104
4/24/2024,97
4/25/2024,171
4/26/2024,182
4/27/2024,99
4/28/2024,392
4/29/2024,145
4/30/2024,110
5/1/2024,336
5/2/2024,194
5/3/2024,128
5/4/2024,120
5/5/2024,303
5/6/2024,209.93
5/7/2024,390
5/8/2024,382
5/9/2024,267
5/10/2024,144
5/11/2024,198
5/12/2024,331
5/13/2024,244
5/14/2024,245
5/15/2024,253
5/16/2024,256
5/17/2024,326
5/18/2024,273
5/19/2024,218
5/20/2024,284
5/21/2024,326
5/22/2024,358
5/23/2024,370
5/24/2024,269
5/25/2024,296
5/26/2024,238
5/27/2024,183
5/28/2024,111
5/29/2024,259
5/30/2024,343
5/31/2024,484
6/1/2024,401
6/2/2024,503
6/3/2024,388
6/4/2024,375
6/5/2024,588
6/6/2024,518
6/7/2024,449
6/8/2024,528
6/9/2024,799
6/10/2024,1189
6/11/2024,801
6/12/2024,731
6/13/2024,941
6/14/2024,817
6/15/2024,1102
6/16/2024,1446
6/17/2024,1057
6/18/2024,1160
6/19/2024,1044
6/20/2024,1138
6/21/2024,1154
6/22/2024,961
6/23/2024,926
6/24/2024,904
6/25/2024,1001
6/26/2024,1092
6/27/2024,1075
6/28/2024,1017
6/29/2024,863
6/30/2024,941
7/1/2024,1053
7/2/2024,1010
7/3/2024,1636
7/4/2024,1741
7/5/2024,1322
7/6/2024,1183
7/7/2024,1085
7/8/2024,924
7/9/2024,1210
7/10/2024,1629
7/11/2024,1613
7/12/2024,1453
7/13/2024,1537
7/14/2024,1574
7/15/2024,1459
7/16/2024,1221
7/17/2024,1096
7/18/2024,990
7/19/2024,1079
7/20/2024,1242
7/21/2024,1335
7/22/2024,1902
7/23/2024,2170
7/24/2024,3039
7/25/2024,2693
7/26/2024,2278
7/27/2024,1480
7/28/2024,1441
7/29/2024,2156
7/30/2024,2983
7/31/2024,3712
8/1/2024,3982
8/2/2024,3350
8/3/2024,2751
8/4/2024,3506
8/5/2024,3464
8/6/2024,2579
8/7/2024,2294
8/8/2024,2528
8/9/2024,2235
8/10/2024,2125
8/11/2024,1863
8/12/2024,1896
8/13/2024,1811
8/14/2024,1692
8/15/2024,1548
8/16/2024,1634
8/17/2024,1548
8/18/2024,1511
8/19/2024,1747
8/20/2024,1971
8/21/2024,1662
8/22/2024,1632
8/23/2024,1712
8/24/2024,1981
8/25/2024,1989
8/26/2024,2302
8/27/2024,2216
8/28/2024,1818
8/29/2024,1650
8/30/2024,1495
8/31/2024,1583
9/1/2024,1544
9/2/2024,1453
9/3/2024,1264
9/4/2024,1303
9/5/2024,1224
9/6/2024,1543
9/7/2024,1235
9/8/2024,1137
9/9/2024,1828
9/10/2024,1713
9/11/2024,1481
9/12/2024,1224
9/13/2024,1228
9/14/2024,982
9/15/2024,998
9/16/2024,1225
9/17/2024,1130
9/18/2024,1067
9/19/2024,883
9/20/2024,879
9/21/2024,768
9/22/2024,721
9/23/2024,740
9/24/2024,746
9/25/2024,671
9/26/2024,719
9/27/2024,742
9/28/2024,718
9/29/2024,740
9/30/2024,869
10/1/2024,806
10/2/2024,718
10/3/2024,707
10/4/2024,725
10/5/2024,679
10/6/2024,713
10/7/2024,657
10/8/2024,657
10/9/2024,647
10/10/2024,666
10/11/2024,634
10/12/2024,624
10/13/2024,634
10/14/2024,851
10/15/2024,730
10/16/2024,852
10/17/2024,884
10/18/2024,767
10/19/2024,749
10/20/2024,705
10/21/2024,666
10/22/2024,665
10/23/2024,716
10/24/2024,639
10/25/2024,470
10/26/2024,265
10/27/2024,263
10/28/2024,198
10/29/2024,222
10/30/2024,279
10/31/2024,236
11/1/2024,186
11/2/2024,176
11/3/2024,187
11/4/2024,188
11/5/2024,206
11/6/2024,182
11/7/2024,203
11/8/2024,168
11/9/2024,203
11/10/2024,325
11/11/2024,459
11/12/2024,461
11/13/2024,552
11/14/2024,609
11/15/2024,530
11/16/2024,528
11/17/2024,465
11/18/2024,444
11/19/2024,396
11/20/2024,446
11/21/2024,409
11/22/2024,364
11/23/2024,418
11/24/2024,485
11/25/2024,413
11/26/2024,427
11/27/2024,473
11/28/2024,458
11/29/2024,568
11/30/2024,411
12/1/2024,406
12/2/2024,358
12/3/2024,423
12/4/2024,428
12/5/2024,420
12/6/2024,403
12/7/2024,435
12/8/2024,332
12/9/2024,332
12/10/2024,350
12/11/2024,406
12/12/2024,379
12/13/2024,389
12/14/2024,662
12/15/2024,558
12/16/2024,340
12/17/2024,296
12/18/2024,360
12/19/2024,400
12/20/2024,279
12/21/2024,376
12/22/2024,270
12/23/2024,266
12/24/2024,358
12/25/2024,353
12/26/2024,294
12/27/2024,524
12/28/2024,518
12/29/2024,324
12/30/2024,239
12/31/2024,290
1/1/2025,227
1/2/2025,439
1/3/2025,360
1/4/2025,228
1/5/2025,250
1/6/2025,275
1/7/2025,239
1/8/2025,363
1/9/2025,274
1/10/2025,304
1/11/2025,357
1/12/2025,322
1/13/2025,259
1/14/2025,335
1/15/2025,305
1/16/2025,369
1/17/2025,233
1/18/2025,290
1/19/2025,210
1/20/2025,169
1/21/2025,181
1/22/2025,141
1/23/2025,169
1/24/2025,122
1/25/2025,109
1/26/2025,316
1/27/2025,361
1/28/2025,332
1/29/2025,443
1/30/2025,236
1/31/2025,101
2/1/2025,189
2/2/2025,202
2/3/2025,405
2/4/2025,365
2/5/2025,199
2/6/2025,233
2/7/2025,509
2/8/2025,386
2/9/2025,429
2/10/2025,182
2/11/2025,339.25
2/12/2025,165
2/13/2025,156
2/14/2025,178
2/15/2025,270
2/16/2025,258
2/17/2025,129
2/18/2025,150
2/19/2025,206
2/20/2025,172
2/21/2025,205
2/22/2025,186
2/23/2025,320
2/24/2025,259
2/25/2025,249
2/26/2025,333
2/27/2025,181
2/28/2025,131
3/1/2025,160
3/2/2025,160
3/3/2025,141
3/4/2025,146
3/5/2025,308.5
3/6/2025,376
3/7/2025,380
3/8/2025,193
3/9/2025,168
3/10/2025,163
3/11/2025,114
3/12/2025,259
3/13/2025,135
3/14/2025,179
3/15/2025,214
3/16/2025,192
3/17/2025,222
3/18/2025,364
3/19/2025,405
3/20/2025,561
3/21/2025,483
3/22/2025,416
3/23/2025,183
3/24/2025,137
3/25/2025,140
3/26/2025,142
3/27/2025,135
3/28/2025,109
3/29/2025,102
3/30/2025,127
3/31/2025,128
4/1/2025,107
4/2/2025,90
4/3/2025,124
4/4/2025,124
4/5/2025,135
4/6/2025,160
4/7/2025,134
4/8/2025,124
4/9/2025,134
4/10/2025,106
4/11/2025,110
4/12/2025,134
4/13/2025,139
4/14/2025,127
4/15/2025,113
4/16/2025,107
4/17/2025,104
4/18/2025,106
4/19/2025,117
4/20/2025,184
4/21/2025,130
4/22/2025,128
4/23/2025,180
4/24/2025,99
4/25/2025,316
4/26/2025,329
4/27/2025,260
4/28/2025,369
4/29/2025,386
4/30/2025,375
5/1/2025,386
5/2/2025,256
5/3/2025,259
5/4/2025,158
5/5/2025,234
5/6/2025,322
5/7/2025,189
5/8/2025,154
5/9/2025,182
5/10/2025,210
5/11/2025,303
5/12/2025,227
5/13/2025,297
5/14/2025,226
5/15/2025,397
5/16/2025,373
5/17/2025,316
5/18/2025,339
5/19/2025,325
5/20/2025,430
5/21/2025,395
5/22/2025,436
5/23/2025,369
5/24/2025,257
5/25/2025,199
5/26/2025,279
5/27/2025,297
5/28/2025,419
5/29/2025,588
5/30/2025,500
5/31/2025,339
6/1/2025,263
6/2/2025,401
6/3/2025,508
6/4/2025,414
6/5/2025,381
6/6/2025,469
6/7/2025,442
6/8/2025,490
6/9/2025,649
6/10/2025,913
6/11/2025,781
6/12/2025,1196
6/13/2025,606
6/14/2025,651
6/15/2025,913
6/16/2025,1362
6/17/2025,1085
6/18/2025,1096
6/19/2025,1230
6/20/2025,1295
6/21/2025,1274